{
  "complete_correlations": {
    "total_orders": 0.9131702588449138,
    "total_ads_sales": 0.8991024136374012,
    "grab_sales": 0.8802859885137221,
    "total_ads_orders": 0.8306790636718738,
    "grab_ads_sales": 0.8051776399678527,
    "total_ads_spend": 0.7834164881389635,
    "grab_orders": 0.7620424718584143,
    "grab_ads_spend": 0.7618920295142995,
    "accepted_orders": 0.7551974699475568,
    "incoming_orders": 0.7387649188806168,
    "marked_ready": 0.736015163707381,
    "grab_repeated_customers": 0.7328085312446482,
    "earned_repeated": 0.7286541315704199,
    "grab_ads_orders": 0.7280858646020493,
    "total_customers": 0.7230722894574311,
    "add_to_carts": 0.7192596640211779,
    "conversions": 0.7129378168567538,
    "earned_new": 0.6682775340419553,
    "gojek_ads_orders": 0.6507767866619014
  },
  "complete_feature_importance": {
    "grab_orders": 0.00016159001630831633,
    "total_orders": 0.7360070856205526,
    "grab_aov": 0.001048587133695636,
    "gojek_aov": 0.0008600764420469762,
    "total_aov": 0.07279511606883164,
    "grab_rating": 2.548754575949536e-05,
    "gojek_rating": 2.925738116262311e-05,
    "avg_rating": 6.721294398548548e-05,
    "grab_ads_spend": 0.00017678961168624344,
    "gojek_ads_spend": 0.00014329792622708214,
    "total_ads_spend": 0.00016775204229389675,
    "grab_ads_sales": 0.00032370525873744307,
    "total_ads_sales": 0.1700871106688623,
    "grab_ads_orders": 0.00010835162518051553,
    "gojek_ads_orders": 9.764292222160865e-05,
    "total_ads_orders": 9.560800655759223e-05,
    "grab_roas": 0.0001638028071251483,
    "gojek_roas": 0.0001564676498474777,
    "total_roas": 0.0008454639352272334,
    "grab_closed": 1.1048658396845717e-06,
    "gojek_closed": 4.991610121527868e-07,
    "grab_busy": 2.1268797831084736e-07,
    "gojek_busy": 3.643691334419215e-08,
    "grab_out_of_stock": 1.2492569684710922e-06,
    "gojek_out_of_stock": 3.178742079202002e-06,
    "grab_cancelled": 1.1771316678880132e-06,
    "gojek_cancelled": 4.885207794679423e-06,
    "lost_orders": 4.8516553788348764e-05,
    "realized_orders_percentage": 0.00013965203353613344,
    "accepted_orders": 0.00865229743816135,
    "incoming_orders": 0.002545661195059757,
    "marked_ready": 0.0006848675405515834,
    "offline_rate": 1.506144295145495e-05,
    "cancelation_rate": 4.1944104997522424e-06,
    "one_star": 8.632866531630614e-06,
    "two_star": 2.7709858549695533e-06,
    "three_star": 3.0165349625301255e-06,
    "five_star": 7.132718564628036e-05,
    "grab_new_customers": 0.0001490930406760566,
    "gojek_new_customers": 5.1617805719536504e-05,
    "grab_repeated_customers": 0.00018045346959525075,
    "gojek_repeated_customers": 3.609564517043476e-05,
    "reactivated_customers": 2.118504576959762e-05,
    "total_customers": 0.00033814332602563304,
    "active_clients": 5.676771297178131e-05,
    "ads_ctr": 0.00029086168955848714,
    "impressions": 0.0002495293162159276,
    "unique_impressions": 0.00022890138105735833,
    "menu_visits": 0.0001042977706826893,
    "add_to_carts": 9.84319803340397e-05,
    "conversions": 8.280146001553864e-05,
    "day_of_week": 7.260399595679139e-05,
    "month": 5.427043877564408e-05,
    "day_of_year": 0.00012468291341705972,
    "week_of_year": 7.579303225881008e-05,
    "earned_new": 0.0001298005889583753,
    "earned_repeated": 0.0013987715997251225,
    "earned_reactivated": 4.766771424067845e-05,
    "grab_payouts": 0.0002610700246356191,
    "gojek_payouts": 0.0003984127641326989
  },
  "model_quality": {
    "trained": true,
    "factors_count": 60
  }
}