{
  "ultimate_feature_importance": {
    "grab_rating": 0.0016092478466410679,
    "gojek_rating": 0.001704609021601431,
    "avg_rating": 0.0013125398232036848,
    "grab_ads_spend": 0.0154539369617723,
    "gojek_ads_spend": 0.003526114013744226,
    "total_ads_spend": 0.007139224447310352,
    "grab_ads_sales": 0.007909384107710093,
    "gojek_ads_sales": 0.0033681234452155083,
    "total_ads_sales": 0.7506727656251074,
    "grab_roas": 0.0030205881316074166,
    "gojek_roas": 0.003358321834960185,
    "grab_closed": 1.4676821046626637e-05,
    "gojek_closed": 1.3221798190820245e-05,
    "grab_out_of_stock": 8.211547650351261e-06,
    "gojek_out_of_stock": 3.795884552770457e-05,
    "grab_cancelled": 3.454227573760547e-05,
    "gojek_cancelled": 0.00010962967877936434,
    "grab_new_customers": 0.00893523170599964,
    "gojek_new_customers": 0.0025886681034653545,
    "grab_repeated_customers": 0.13544294724653086,
    "gojek_repeated_customers": 0.0015626352157959021,
    "one_star": 9.590594280704523e-05,
    "two_star": 2.131668265729225e-05,
    "three_star": 8.690321531407033e-05,
    "four_star": 0.0001166108413272532,
    "five_star": 0.0014988106944318618,
    "day_of_week": 0.0011893811156976483,
    "month": 0.0004930958413746436,
    "day_of_year": 0.0041086179427348305,
    "week_of_year": 0.0017138435828866361,
    "weather_temp": 0.002977424945816446,
    "weather_rain": 0.0022460240747025485,
    "weather_wind": 0.0030282759597420206,
    "is_holiday": 0.00023311625313600086,
    "tourist_flow": 0.0017067628462369936,
    "competitor_avg_sales": 0.005308250524484974,
    "competitor_count": 0.010800308705340447,
    "accepting_time_minutes": 0.007045002723113898,
    "preparation_time_minutes": 0.0044507132970658175,
    "delivery_time_minutes": 0.0050570563135317
  },
  "model_quality": {
    "trained": true,
    "factors_count": 40
  },
  "data_sources": {
    "database_records": "9,958+",
    "weather_api": "Historical data",
    "tourist_data": 24,
    "holidays": 164,
    "restaurant_locations": 0
  }
}