{
  "ultimate_feature_importance": {
    "grab_orders": 0.00023089752301507033,
    "total_orders": 0.66745394666642,
    "grab_aov": 0.001130687148768974,
    "gojek_aov": 0.0008280020606087058,
    "total_aov": 0.07180566157898888,
    "grab_rating": 2.7907392823823124e-05,
    "gojek_rating": 2.184507441058803e-05,
    "avg_rating": 6.653584478721907e-05,
    "grab_ads_spend": 0.00016440793547487686,
    "gojek_ads_spend": 0.00018934506817761898,
    "total_ads_spend": 0.0002253436293273954,
    "grab_ads_sales": 0.0002720743109005421,
    "total_ads_sales": 0.2534738646145377,
    "grab_roas": 0.00021142066374698238,
    "gojek_roas": 0.0003336899910387605,
    "grab_closed": 1.5283477846226529e-07,
    "gojek_closed": 1.5809955946822072e-06,
    "grab_out_of_stock": 1.478135710402995e-08,
    "gojek_out_of_stock": 1.620687711959385e-06,
    "grab_cancelled": 2.892103587262991e-07,
    "gojek_cancelled": 3.2334976196468405e-06,
    "grab_new_customers": 0.00038543177980475104,
    "gojek_new_customers": 7.188211319203902e-05,
    "grab_repeated_customers": 0.00042156005970555346,
    "gojek_repeated_customers": 4.549843450178221e-05,
    "one_star": 5.5853092564725845e-06,
    "two_star": 1.3053633475184275e-06,
    "three_star": 1.7444357603851521e-06,
    "five_star": 6.424647214076117e-05,
    "day_of_week": 7.628859182924273e-05,
    "month": 3.7915062718832744e-05,
    "day_of_year": 0.00010937672446566621,
    "week_of_year": 8.197563700945767e-05,
    "weather_temp": 0.00011169065393307479,
    "weather_rain": 0.00014033736388062375,
    "weather_wind": 0.00016542495045291866,
    "is_holiday": 1.6317370309866905e-07,
    "tourist_flow": 0.00022898638834213184,
    "competitor_avg_sales": 0.0002796860522044478,
    "competitor_count": 0.0013283799233036583
  },
  "model_quality": {
    "trained": true,
    "factors_count": 40
  },
  "data_sources": {
    "database_records": "9,958+",
    "weather_api": "Historical data",
    "tourist_data": 12,
    "holidays": 10,
    "restaurant_locations": 0
  }
}