{
  "ultimate_feature_importance": {
    "grab_orders": 0.00023716983450771582,
    "total_orders": 0.667471153108814,
    "grab_aov": 0.0011143514065310768,
    "gojek_aov": 0.0008215028032456767,
    "total_aov": 0.07188865721659518,
    "grab_rating": 2.7910582423057413e-05,
    "gojek_rating": 2.9568722812014387e-05,
    "avg_rating": 7.385229074026481e-05,
    "grab_ads_spend": 0.0001570155193035733,
    "gojek_ads_spend": 0.00018065844261074123,
    "total_ads_spend": 0.00023443367787633813,
    "grab_ads_sales": 0.00028220737637082457,
    "total_ads_sales": 0.2534702519824375,
    "grab_roas": 0.0002004358761249711,
    "gojek_roas": 0.0003286952950365336,
    "grab_closed": 1.2321175745435154e-07,
    "gojek_closed": 1.7202922699524685e-06,
    "grab_out_of_stock": 4.139368660135898e-08,
    "gojek_out_of_stock": 1.7654723832133244e-06,
    "grab_cancelled": 2.676254037376526e-07,
    "gojek_cancelled": 3.55741759167424e-06,
    "grab_new_customers": 0.00036733282416944715,
    "gojek_new_customers": 6.700986250290163e-05,
    "grab_repeated_customers": 0.0004343274891492379,
    "gojek_repeated_customers": 4.570526480424727e-05,
    "one_star": 5.019633650740702e-06,
    "two_star": 1.0142390568528395e-06,
    "three_star": 1.723861665175912e-06,
    "five_star": 6.39764419323452e-05,
    "day_of_week": 7.215560315711991e-05,
    "month": 3.366592381603527e-05,
    "day_of_year": 0.00011569437621900225,
    "week_of_year": 7.714150184010357e-05,
    "weather_temp": 9.574618368754564e-05,
    "weather_rain": 0.00014469414873966957,
    "weather_wind": 0.0001722188553201894,
    "is_holiday": 1.3856226338752774e-05,
    "tourist_flow": 9.425185645283379e-05,
    "competitor_avg_sales": 0.00029731977152811764,
    "competitor_count": 0.001371806387447701
  },
  "model_quality": {
    "trained": true,
    "factors_count": 40
  },
  "data_sources": {
    "database_records": "9,958+",
    "weather_api": "Historical data",
    "tourist_data": 24,
    "holidays": 164,
    "restaurant_locations": 0
  }
}