{
  "ultimate_feature_importance": {
    "grab_orders": 0.00021383021046535186,
    "total_orders": 0.6674818740607737,
    "grab_aov": 0.0011612482101240119,
    "gojek_aov": 0.0008238373455462112,
    "total_aov": 0.07184030472490914,
    "grab_rating": 2.739459150231144e-05,
    "gojek_rating": 3.227243682692569e-05,
    "avg_rating": 5.7964822180321034e-05,
    "grab_ads_spend": 0.00016009139456045582,
    "gojek_ads_spend": 0.00018936664189116693,
    "total_ads_spend": 0.00023671215904214583,
    "grab_ads_sales": 0.00027728895323937306,
    "total_ads_sales": 0.2534729909771895,
    "grab_roas": 0.00019735500957334236,
    "gojek_roas": 0.0003376832044775798,
    "grab_closed": 1.3798338967240795e-07,
    "gojek_closed": 1.6517580007084168e-06,
    "grab_out_of_stock": 5.592765041139786e-07,
    "gojek_out_of_stock": 1.7571279067901791e-06,
    "grab_cancelled": 3.0068392180025804e-07,
    "gojek_cancelled": 2.652575206882744e-06,
    "grab_new_customers": 0.0003656081008267116,
    "gojek_new_customers": 6.351293080671854e-05,
    "grab_repeated_customers": 0.0004551986436784145,
    "gojek_repeated_customers": 4.472423905767776e-05,
    "one_star": 7.012534137170957e-06,
    "two_star": 1.0799755761419974e-06,
    "three_star": 1.992233544774806e-06,
    "five_star": 6.73062191580388e-05,
    "day_of_week": 7.40581480027493e-05,
    "month": 3.3294143064101286e-05,
    "day_of_year": 0.00011253665628624252,
    "week_of_year": 6.849254436713861e-05,
    "weather_temp": 0.00011048501786929572,
    "weather_rain": 0.0001413946882177683,
    "weather_wind": 0.00016778098868570513,
    "is_holiday": 1.4193292162084664e-05,
    "tourist_flow": 9.230915713159067e-05,
    "competitor_avg_sales": 0.00028528320606253205,
    "competitor_count": 0.0013764631341337448
  },
  "model_quality": {
    "trained": true,
    "factors_count": 40
  },
  "data_sources": {
    "database_records": "9,958+",
    "weather_api": "Historical data",
    "tourist_data": 24,
    "holidays": 164,
    "restaurant_locations": 0
  }
}