{
  "ultimate_feature_importance": {
    "grab_orders": 0.00022467643408161436,
    "total_orders": 0.6674831154214557,
    "grab_aov": 0.0011584539362660714,
    "gojek_aov": 0.0008243517262985133,
    "total_aov": 0.07184729478808384,
    "grab_rating": 2.6277864507880274e-05,
    "gojek_rating": 2.6978951565738425e-05,
    "avg_rating": 5.786627281100274e-05,
    "grab_ads_spend": 0.00016132818423580716,
    "gojek_ads_spend": 0.00019219850431532364,
    "total_ads_spend": 0.00023377120159293104,
    "grab_ads_sales": 0.0002740984002162938,
    "total_ads_sales": 0.2534676475286547,
    "grab_roas": 0.0002001789333406421,
    "gojek_roas": 0.0003350566686287632,
    "grab_closed": 1.1933615079532158e-07,
    "gojek_closed": 1.645896822401096e-06,
    "grab_out_of_stock": 5.592761215500535e-07,
    "gojek_out_of_stock": 1.5998351842580376e-06,
    "grab_cancelled": 2.9600920526943064e-07,
    "gojek_cancelled": 2.6873948768952274e-06,
    "grab_new_customers": 0.0003654418994528201,
    "gojek_new_customers": 6.19070732697441e-05,
    "grab_repeated_customers": 0.0004545244144065441,
    "gojek_repeated_customers": 4.557780702702546e-05,
    "one_star": 7.065587370371147e-06,
    "two_star": 1.0778587605349735e-06,
    "three_star": 2.012943220591636e-06,
    "five_star": 6.719342492653438e-05,
    "day_of_week": 7.489242910243899e-05,
    "month": 3.415762547945026e-05,
    "day_of_year": 0.00011498704588929353,
    "week_of_year": 6.778126883185463e-05,
    "weather_temp": 0.00010892158459538078,
    "weather_rain": 0.0001445098205664054,
    "weather_wind": 0.00016689934575250256,
    "is_holiday": 1.4190155867463743e-05,
    "tourist_flow": 9.254511127357457e-05,
    "competitor_avg_sales": 0.00028217312473483356,
    "competitor_count": 0.0013739389150567043
  },
  "model_quality": {
    "trained": true,
    "factors_count": 40
  },
  "data_sources": {
    "database_records": "9,958+",
    "weather_api": "Historical data",
    "tourist_data": 24,
    "holidays": 164,
    "restaurant_locations": 0
  }
}