{
  "mape": 0.639408337526214,
  "mae": 233130.89446961516,
  "r2": 0.883402172467672,
  "n_train": 12088,
  "n_test": 1344
}