{
  "mape": 0.6400712272012834,
  "mae": 233406.95096240885,
  "r2": 0.8830921893973099,
  "n_train": 12088,
  "n_test": 1344
}