{
  "mape": 3.473499888114571e+19,
  "mae": 233062.7271048238,
  "r2": 0.8831149649988257,
  "n_train": 12088,
  "n_test": 1344
}